Workbook

Sheet Wind Data
A1: Time (Hour-Ending) | B1: Date | C1: ERCOT.LOAD | D1: ERCOT.WIND.GEN | E1: Total Wind Installed, MW | F1: Wind Output, % of Load | G1: Wind Output, % of Installed | H1: Wind 1-hr MW change | I1: Wind 1-hr % change
A2: 45658.042 | B2: 45658 | C2: 44110.291 | D2: 14369.247 | E2: 39357 | F2: =D2/C2*100 -> 32.575725 | G2: =D2/E2*100 -> 36.510016
A3: 45658.083 | B3: 45658 | C3: 43795.576 | D3: 14888.718 | E3: 39357 | F3: =D3/C3*100 -> 33.995941 | G3: =D3/E3*100 -> 37.829912 | H3: =D3-D2 -> 519.47131 | I3: =H3/D2*100 -> 3.6151603
A4: 45658.125 | B4: 45658 | C4: 43630.22 | D4: 15306.719 | E4: 39357 | F4: =D4/C4*100 -> 35.082838 | G4: =D4/E4*100 -> 38.891987 | H4: =D4-D3 -> 418.00089 | I4: =H4/D3*100 -> 2.8075008
A5: 45658.167 | B5: 45658 | C5: 43519.324 | D5: 15025.925 | E5: 39357 | F5: =D5/C5*100 -> 34.527019 | G5: =D5/E5*100 -> 38.178533 | H5: =D5-D4 -> -280.79401 | I5: =H5/D4*100 -> -1.8344494
A6: 45658.208 | B6: 45658 | C6: 43405.028 | D6: 14533.833 | E6: 39357 | F6: =D6/C6*100 -> 33.484215 | G6: =D6/E6*100 -> 36.928203 | H6: =D6-D5 -> -492.0923 | I6: =H6/D5*100 -> -3.2749551
A7: 45658.25 | B7: 45658 | C7: 44283.523 | D7: 13816.767 | E7: 39357 | F7: =D7/C7*100 -> 31.200695 | G7: =D7/E7*100 -> 35.10625 | H7: =D7-D6 -> -717.06615 | I7: =H7/D6*100 -> -4.9337718
A8: 45658.292 | B8: 45658 | C8: 45377.647 | D8: 13888.115 | E8: 39357 | F8: =D8/C8*100 -> 30.605631 | G8: =D8/E8*100 -> 35.287535 | H8: =D8-D7 -> 71.34838 | I8: =H8/D7*100 -> 0.51638984
A9: 45658.333 | B9: 45658 | C9: 46309.219 | D9: 12594.336 | E9: 39357 | F9: =D9/C9*100 -> 27.196175 | G9: =D9/E9*100 -> 32.000245 | H9: =D9-D8 -> -1293.7787 | I9: =H9/D8*100 -> -9.3157254
A10: 45658.375 | B10: 45658 | C10: 46825.203 | D10: 9984.7262 | E10: 39357 | F10: =D10/C10*100 -> 21.323402 | G10: =D10/E10*100 -> 25.369632 | H10: =D10-D9 -> -2609.6103 | I10: =H10/D9*100 -> -20.720506
A11: 45658.417 | B11: 45658 | C11: 47131.748 | D11: 7872.0051 | E11: 39357 | F11: =D11/C11*100 -> 16.702128 | G11: =D11/E11*100 -> 20.001537 | H11: =D11-D10 -> -2112.7211 | I11: =H11/D10*100 -> -21.15953
A12: 45658.458 | B12: 45658 | C12: 47276.675 | D12: 7717.3705 | E12: 39357 | F12: =D12/C12*100 -> 16.323844 | G12: =D12/E12*100 -> 19.608635 | H12: =D12-D11 -> -154.63465 | I12: =H12/D11*100 -> -1.9643616
A13: 45658.5 | B13: 45658 | C13: 46524.093 | D13: 6782.0586 | E13: 39357 | F13: =D13/C13*100 -> 14.577519 | G13: =D13/E13*100 -> 17.232153 | H13: =D13-D12 -> -935.31188 | I13: =H13/D12*100 -> -12.119567
A14: 45658.542 | B14: 45658 | C14: 45351.828 | D14: 5886.0022 | E14: 39357 | F14: =D14/C14*100 -> 12.978534 | G14: =D14/E14*100 -> 14.955414 | H14: =D14-D13 -> -896.05639 | I14: =H14/D13*100 -> -13.212159
... A8761: 46023 | B8761: 46023 | C8761: 46797.224 | D8761: 19803.969 | E8761: 40612 | F8761: =D8761/C8761*100 -> 42.318684 | G8761: =D8761/E8761*100 -> 48.763836 | H8761: =D8761-D8760 -> 1825.32 | I8761: =H8761/D8760*100 -> 10.15271

Sheet Wind Statistics
A1: Wind Output | G1: Wind Output
A2: Low (MW) | B2: High (MW) | C2: Range (MW) | D2: # of Obs. | E2: % of Obs. | H2: Amount (MW) | I2: Date, Time | J2: Installed Capacity
A3: 0 | B3: 5000 | C3: =CONCATENATE(TEXT(A3, "0")," > x >= ",TEXT(B3, "0")) -> 0 > x >= 5000 | D3: =COUNTIFS('Wind Data'!D:D,CONCATENATE(">",TEXT($A3,"0")),'Wind Data'!D:D,CONCATENATE("<=",TEXT($B3,"0"))) -> 1144 | E3: =D3/SUM($D$3:$D$7) -> 0.13059361 | G3: Highest | H3: =MAX('Wind Data'!D:D) -> 28264.502 | I3: =INDEX('Wind Data'!A:A,MATCH('Wind Statistics'!H3,'Wind Data'!D:D,0),1) -> 45719.875 | J3: =VLOOKUP(I3,'Wind Data'!A:E,5,FALSE) -> 39618
A4: 5000 | B4: 10000 | C4: =CONCATENATE(TEXT(A4, "0")," > x >= ",TEXT(B4, "0")) -> 5000 > x >= 10000 | D4: =COUNTIFS('Wind Data'!D:D,CONCATENATE(">",TEXT($A4,"0")),'Wind Data'!D:D,CONCATENATE("<=",TEXT($B4,"0"))) -> 2214 | E4: =D4/SUM($D$3:$D$7) -> 0.25273973 | G4: Lowest | H4: =MIN('Wind Data'!D:D) -> 168.65178 | I4: =INDEX('Wind Data'!A:A,MATCH('Wind Statistics'!H4,'Wind Data'!D:D,0),1) -> 45891.417 | J4: =VLOOKUP(I4,'Wind Data'!A:E,5,FALSE) -> 40469
A5: 10000 | B5: 15000 | C5: =CONCATENATE(TEXT(A5, "0")," > x >= ",TEXT(B5, "0")) -> 10000 > x >= 15000 | D5: =COUNTIFS('Wind Data'!D:D,CONCATENATE(">",TEXT($A5,"0")),'Wind Data'!D:D,CONCATENATE("<=",TEXT($B5,"0"))) -> 1834 | E5: =D5/SUM($D$3:$D$7) -> 0.20936073
A6: 15000 | B6: 20000 | C6: =CONCATENATE(TEXT(A6, "0")," > x >= ",TEXT(B6, "0")) -> 15000 > x >= 20000 | D6: =COUNTIFS('Wind Data'!D:D,CONCATENATE(">",TEXT($A6,"0")),'Wind Data'!D:D,CONCATENATE("<=",TEXT($B6,"0"))) -> 1849 | E6: =D6/SUM($D$3:$D$7) -> 0.21107306
A7: 20000 | C7: =CONCATENATE("x > ",TEXT(A7, "0")) -> x > 20000 | D7: =COUNTIFS('Wind Data'!D:D,CONCATENATE(">",TEXT($A7,"0"))) -> 1719 | E7: =D7/SUM($D$3:$D$7) -> 0.19623288
A9: Wind Output, % of Installed Capacity | G9: Wind Output, % of Installed Capacity
A10: Low (%) | B10: High (%) | C10: Range (%) | D10: # of Obs. | E10: % of Obs. | H10: Amount (%) | I10: Date, Time | J10: Installed Capacity
A11: 0 | B11: 20 | C11: =CONCATENATE(TEXT(A11, "0")," > x >= ",TEXT(B11, "0")) -> 0 > x >= 20 | D11: =COUNTIFS('Wind Data'!G:G,CONCATENATE(">",TEXT($A11,"0")),'Wind Data'!G:G,CONCATENATE("<=",TEXT($B11,"0"))) -> 2529 | E11: =D11/SUM($D$11:$D$15) -> 0.28869863 | G11: Highest | H11: =MAX('Wind Data'!G:G) -> 71.342577 | I11: =INDEX('Wind Data'!A:A,MATCH('Wind Statistics'!H11,'Wind Data'!G:G,0),1) -> 45719.875 | J11: =VLOOKUP(I11,'Wind Data'!A:E,5,FALSE) -> 39618
A12: 20 | B12: 40 | C12: =CONCATENATE(TEXT(A12, "0")," > x >= ",TEXT(B12, "0")) -> 20 > x >= 40 | D12: =COUNTIFS('Wind Data'!G:G,CONCATENATE(">",TEXT($A12,"0")),'Wind Data'!G:G,CONCATENATE("<=",TEXT($B12,"0"))) -> 3047 | E12: =D12/SUM($D$11:$D$15) -> 0.34783105 | G12: Lowest | H12: =MIN('Wind Data'!G:G) -> 0.41674313 | I12: =INDEX('Wind Data'!A:A,MATCH('Wind Statistics'!H12,'Wind Data'!G:G,0),1) -> 45891.417 | J12: =VLOOKUP(I12,'Wind Data'!A:E,5,FALSE) -> 40469
A13: 40 | B13: 60 | C13: =CONCATENATE(TEXT(A13, "0")," > x >= ",TEXT(B13, "0")) -> 40 > x >= 60 | D13: =COUNTIFS('Wind Data'!G:G,CONCATENATE(">",TEXT($A13,"0")),'Wind Data'!G:G,CONCATENATE("<=",TEXT($B13,"0"))) -> 2655 | E13: =D13/SUM($D$11:$D$15) -> 0.30308219
A14: 60 | B14: 80 | C14: =CONCATENATE(TEXT(A14, "0")," > x >= ",TEXT(B14, "0")) -> 60 > x >= 80 | D14: =COUNTIFS('Wind Data'!G:G,CONCATENATE(">",TEXT($A14,"0")),'Wind Data'!G:G,CONCATENATE("<=",TEXT($B14,"0"))) -> 529 | E14: =D14/SUM($D$11:$D$15) -> 0.060388128
A15: 80 | C15: =CONCATENATE("x > ",TEXT(A15, "0")) -> x > 80 | D15: =COUNTIFS('Wind Data'!G:G,CONCATENATE(">",TEXT($A15,"0"))) -> 0 | E15: =D15/SUM($D$11:$D$15) -> 0
A18: Wind Output, % of Load | G18: Wind Output, % of Load
A19: Low (%) | B19: High (%) | C19: Range (%) | D19: # of Obs. | E19: % of Obs. | H19: Amount (%) | I19: Date, Time | J19: Installed Capacity
A20: 0 | B20: 10 | C20: =CONCATENATE(TEXT(A20, "0")," > x >= ",TEXT(B20, "0")) -> 0 > x >= 10 | D20: =COUNTIFS('Wind Data'!F:F,CONCATENATE(">",TEXT($A20,"0")),'Wind Data'!F:F,CONCATENATE("<=",TEXT($B20,"0"))) -> 1542 | E20: =D20/SUM($D$20:$D$25) -> 0.1760274 | G20: Highest | H20: =MAX('Wind Data'!F:F) -> 64.748991 | I20: =INDEX('Wind Data'!A:A,MATCH('Wind Statistics'!H20,'Wind Data'!F:F,0),1) -> 45760.25 | J20: =VLOOKUP(I20,'Wind Data'!A:E,5,FALSE) -> 39618
A21: 10 | B21: 20 | C21: =CONCATENATE(TEXT(A21, "0")," > x >= ",TEXT(B21, "0")) -> 10 > x >= 20 | D21: =COUNTIFS('Wind Data'!F:F,CONCATENATE(">",TEXT($A21,"0")),'Wind Data'!F:F,CONCATENATE("<=",TEXT($B21,"0"))) -> 2337 | E21: =D21/SUM($D$20:$D$25) -> 0.26678082 | G21: Lowest | H21: =MIN('Wind Data'!F:F) -> 0.25895192 | I21: =INDEX('Wind Data'!A:A,MATCH('Wind Statistics'!H21,'Wind Data'!F:F,0),1) -> 45891.417 | J21: =VLOOKUP(I21,'Wind Data'!A:E,5,FALSE) -> 40469
A22: 20 | B22: 30 | C22: =CONCATENATE(TEXT(A22, "0")," > x >= ",TEXT(B22, "0")) -> 20 > x >= 30 | D22: =COUNTIFS('Wind Data'!F:F,CONCATENATE(">",TEXT($A22,"0")),'Wind Data'!F:F,CONCATENATE("<=",TEXT($B22,"0"))) -> 1941 | E22: =D22/SUM($D$20:$D$25) -> 0.22157534
A23: 30 | B23: 40 | C23: =CONCATENATE(TEXT(A23, "0")," > x >= ",TEXT(B23, "0")) -> 30 > x >= 40 | D23: =COUNTIFS('Wind Data'!F:F,CONCATENATE(">",TEXT($A23,"0")),'Wind Data'!F:F,CONCATENATE("<=",TEXT($B23,"0"))) -> 1555 | E23: =D23/SUM($D$20:$D$25) -> 0.17751142
A24: 40 | C24: =CONCATENATE("x > ",TEXT(A24, "0")) -> x > 40 | D24: =COUNTIFS('Wind Data'!F:F,CONCATENATE(">",TEXT($A24,"0"))) -> 1385 | E24: =D24/SUM($D$20:$D$25) -> 0.15810502
A26: 1-Hour Wind Ramps | G26: Largest 1-Hour Down-Ramps
A27: Low (MW) | B27: High (MW) | C27: Range (MW) | D27: # of Obs. | E27: % of Obs. | G27: Rank | H27: Amount (MW) | I27: Date, Time | J27: Installed Capacity
B28: -4000 | C28: =CONCATENATE("x <= ",TEXT(B28, "0")) -> x <= -4000 | D28: =COUNTIFS('Wind Data'!H:H,CONCATENATE("<=",TEXT($B28,"0"))) -> 31 | E28: =D28/SUM($D$3:$D$7) -> 0.0035388128 | G28: 1 | H28: =SMALL('Wind Data'!H:H,'Wind Statistics'!G28) -> -6004.0603 | I28: =INDEX('Wind Data'!A:A,MATCH('Wind Statistics'!H28,'Wind Data'!H:H,0),1) -> 45690.417 | J28: =VLOOKUP(I28,'Wind Data'!A:E,5,FALSE) -> 39384
A29: -4000 | B29: -3000 | C29: =CONCATENATE(TEXT(A29, "0")," to ",TEXT(B29, "0")) -> -4000 to -3000 | D29: =COUNTIFS('Wind Data'!H:H,CONCATENATE(">",TEXT($A29,"0")),'Wind Data'!H:H,CONCATENATE("<=",TEXT($B29,"0"))) -> 101 | E29: =D29/SUM($D$3:$D$7) -> 0.01152968 | G29: 2 | H29: =SMALL('Wind Data'!H:H,'Wind Statistics'!G29) -> -5820.5186 | I29: =INDEX('Wind Data'!A:A,MATCH('Wind Statistics'!H29,'Wind Data'!H:H,0),1) -> 45966.375 | J29: =VLOOKUP(I29,'Wind Data'!A:E,5,FALSE) -> 40612
A30: -3000 | B30: -2000 | C30: =CONCATENATE(TEXT(A30, "0")," to ",TEXT(B30, "0")) -> -3000 to -2000 | D30: =COUNTIFS('Wind Data'!H:H,CONCATENATE(">",TEXT($A30,"0")),'Wind Data'!H:H,CONCATENATE("<=",TEXT($B30,"0"))) -> 339 | E30: =D30/SUM($D$3:$D$7) -> 0.03869863 | G30: 3 | H30: =SMALL('Wind Data'!H:H,'Wind Statistics'!G30) -> -5475.2002 | I30: =INDEX('Wind Data'!A:A,MATCH('Wind Statistics'!H30,'Wind Data'!H:H,0),1) -> 45968.375 | J30: =VLOOKUP(I30,'Wind Data'!A:E,5,FALSE) -> 40612
A31: -2000 | B31: -1000 | C31: =CONCATENATE(TEXT(A31, "0")," to ",TEXT(B31, "0")) -> -2000 to -1000 | D31: =COUNTIFS('Wind Data'!H:H,CONCATENATE(">",TEXT($A31,"0")),'Wind Data'!H:H,CONCATENATE("<=",TEXT($B31,"0"))) -> 1163 | E31: =D31/SUM($D$3:$D$7) -> 0.13276256
A32: -1000 | B32: 0 | C32: =CONCATENATE(TEXT(A32, "0")," to ",TEXT(B32, "0")) -> -1000 to 0 | D32: =COUNTIFS('Wind Data'!H:H,CONCATENATE(">",TEXT($A32,"0")),'Wind Data'!H:H,CONCATENATE("<=",TEXT($B32,"0"))) -> 2899 | E32: =D32/SUM($D$3:$D$7) -> 0.33093607
A33: 0 | B33: 1000 | C33: =CONCATENATE(TEXT(A33, "0")," to ",TEXT(B33, "0")) -> 0 to 1000 | D33: =COUNTIFS('Wind Data'!H:H,CONCATENATE(">",TEXT($A33,"0")),'Wind Data'!H:H,CONCATENATE("<=",TEXT($B33,"0"))) -> 2600 | E33: =D33/SUM($D$3:$D$7) -> 0.29680365 | G33: Largest 1-Hour Up-Ramps
A34: 1000 | B34: 2000 | C34: =CONCATENATE(TEXT(A34, "0")," to ",TEXT(B34, "0")) -> 1000 to 2000 | D34: =COUNTIFS('Wind Data'!H:H,CONCATENATE(">",TEXT($A34,"0")),'Wind Data'!H:H,CONCATENATE("<=",TEXT($B34,"0"))) -> 1067 | E34: =D34/SUM($D$3:$D$7) -> 0.12180365 | G34: Rank | H34: Amount (MW) | I34: Date, Time | J34: Installed Capacity
A35: 2000 | B35: 3000 | C35: =CONCATENATE(TEXT(A35, "0")," to ",TEXT(B35, "0")) -> 2000 to 3000 | D35: =COUNTIFS('Wind Data'!H:H,CONCATENATE(">",TEXT($A35,"0")),'Wind Data'!H:H,CONCATENATE("<=",TEXT($B35,"0"))) -> 392 | E35: =D35/SUM($D$3:$D$7) -> 0.044748858 | G35: 1 | H35: =LARGE('Wind Data'!H:H,'Wind Statistics'!G35) -> 6057.5018 | I35: =INDEX('Wind Data'!A:A,MATCH('Wind Statistics'!H35,'Wind Data'!H:H,0),1) -> 45789.917 | J35: =VLOOKUP(I35,'Wind Data'!A:E,5,FALSE) -> 39618
A36: 3000 | B36: 4000 | C36: =CONCATENATE(TEXT(A36, "0")," to ",TEXT(B36, "0")) -> 3000 to 4000 | D36: =COUNTIFS('Wind Data'!H:H,CONCATENATE(">",TEXT($A36,"0")),'Wind Data'!H:H,CONCATENATE("<=",TEXT($B36,"0"))) -> 115 | E36: =D36/SUM($D$3:$D$7) -> 0.013127854 | G36: 2 | H36: =LARGE('Wind Data'!H:H,'Wind Statistics'!G36) -> 5628.7672 | I36: =INDEX('Wind Data'!A:A,MATCH('Wind Statistics'!H36,'Wind Data'!H:H,0),1) -> 45717.875 | J36: =VLOOKUP(I36,'Wind Data'!A:E,5,FALSE) -> 39618
A37: 4000 | C37: =CONCATENATE("x > ",TEXT(A37, "0")) -> x > 4000 | D37: =COUNTIFS('Wind Data'!H:H,CONCATENATE(">",TEXT($A37,"0"))) -> 52 | E37: =D37/SUM($D$3:$D$7) -> 0.0059360731 | G37: 3 | H37: =LARGE('Wind Data'!H:H,'Wind Statistics'!G37) -> 5550.2442 | I37: =INDEX('Wind Data'!A:A,MATCH('Wind Statistics'!H37,'Wind Data'!H:H,0),1) -> 45971.833 | J37: =VLOOKUP(I37,'Wind Data'!A:E,5,FALSE) -> 40612

Sheet Solar Data
A1: Time (Hour-Ending) | B1: Date | C1: ERCOT.LOAD | D1: ERCOT.PVGR.GEN | E1: Total Solar Installed, MW | F1: Solar Output, % of Load | G1: Solar Output, % of Installed | H1: Solar 1-hr MW change | I1: Solar 1-hr % change | J1: Daytime Hour | K1: Ramping Daytime Hour
A2: 45658.042 | B2: 45658 | C2: 44110.291 | D2: 0.72483887 | E2: 28793 | F2: =D2/C2*100 -> 0.0016432421 | G2: =D2/E2*100 -> 0.0025174135 | J2: =D2>5 -> FALSE | K2: =J2 -> FALSE
A3: 45658.083 | B3: 45658 | C3: 43795.576 | D3: 0.74342458 | E3: 28793 | F3: =D3/C3*100 -> 0.0016974878 | G3: =D3/E3*100 -> 0.0025819629 | H3: =ROUND(D3-D2,1) -> 0 | I3: =H3/D2*100 -> 0 | J3: =D3>5 -> FALSE | K3: =OR(J3,ABS(H3)>5) -> FALSE
A4: 45658.125 | B4: 45658 | C4: 43630.22 | D4: 0.74242944 | E4: 28793 | F4: =D4/C4*100 -> 0.0017016404 | G4: =D4/E4*100 -> 0.0025785067 | H4: =ROUND(D4-D3,1) -> 0 | I4: =H4/D3*100 -> 0 | J4: =D4>5 -> FALSE | K4: =OR(J4,ABS(H4)>5) -> FALSE
A5: 45658.167 | B5: 45658 | C5: 43519.324 | D5: 0.75287941 | E5: 28793 | F5: =D5/C5*100 -> 0.0017299888 | G5: =D5/E5*100 -> 0.0026148002 | H5: =ROUND(D5-D4,1) -> 0 | I5: =H5/D4*100 -> 0 | J5: =D5>5 -> FALSE | K5: =OR(J5,ABS(H5)>5) -> FALSE
A6: 45658.208 | B6: 45658 | C6: 43405.028 | D6: 0.76107816 | E6: 28793 | F6: =D6/C6*100 -> 0.0017534332 | G6: =D6/E6*100 -> 0.002643275 | H6: =ROUND(D6-D5,1) -> 0 | I6: =H6/D5*100 -> 0 | J6: =D6>5 -> FALSE | K6: =OR(J6,ABS(H6)>5) -> FALSE
A7: 45658.25 | B7: 45658 | C7: 44283.523 | D7: 0.76133711 | E7: 28793 | F7: =D7/C7*100 -> 0.0017192334 | G7: =D7/E7*100 -> 0.0026441743 | H7: =ROUND(D7-D6,1) -> 0 | I7: =H7/D6*100 -> 0 | J7: =D7>5 -> FALSE | K7: =OR(J7,ABS(H7)>5) -> FALSE
A8: 45658.292 | B8: 45658 | C8: 45377.647 | D8: 0.76839997 | E8: 28793 | F8: =D8/C8*100 -> 0.0016933447 | G8: =D8/E8*100 -> 0.0026687041 | H8: =ROUND(D8-D7,1) -> 0 | I8: =H8/D7*100 -> 0 | J8: =D8>5 -> FALSE | K8: =OR(J8,ABS(H8)>5) -> FALSE
A9: 45658.333 | B9: 45658 | C9: 46309.219 | D9: 425.60805 | E9: 28793 | F9: =D9/C9*100 -> 0.91905685 | G9: =D9/E9*100 -> 1.478165 | H9: =ROUND(D9-D8,1) -> 424.8 | I9: =H9/D8*100 -> 55283.709 | J9: =D9>5 -> TRUE | K9: =OR(J9,ABS(H9)>5) -> TRUE
A10: 45658.375 | B10: 45658 | C10: 46825.203 | D10: 7622.0519 | E10: 28793 | F10: =D10/C10*100 -> 16.27767 | G10: =D10/E10*100 -> 26.471892 | H10: =ROUND(D10-D9,1) -> 7196.4 | I10: =H10/D9*100 -> 1690.8515 | J10: =D10>5 -> TRUE | K10: =OR(J10,ABS(H10)>5) -> TRUE
A11: 45658.417 | B11: 45658 | C11: 47131.748 | D11: 16638.234 | E11: 28793 | F11: =D11/C11*100 -> 35.301543 | G11: =D11/E11*100 -> 57.785692 | H11: =ROUND(D11-D10,1) -> 9016.2 | I11: =H11/D10*100 -> 118.29098 | J11: =D11>5 -> TRUE | K11: =OR(J11,ABS(H11)>5) -> TRUE
A12: 45658.458 | B12: 45658 | C12: 47276.675 | D12: 18604.128 | E12: 28793 | F12: =D12/C12*100 -> 39.351601 | G12: =D12/E12*100 -> 64.613372 | H12: =ROUND(D12-D11,1) -> 1965.9 | I12: =H12/D11*100 -> 11.815557 | J12: =D12>5 -> TRUE | K12: =OR(J12,ABS(H12)>5) -> TRUE
A13: 45658.5 | B13: 45658 | C13: 46524.093 | D13: 18484.537 | E13: 28793 | F13: =D13/C13*100 -> 39.731107 | G13: =D13/E13*100 -> 64.198024 | H13: =ROUND(D13-D12,1) -> -119.6 | I13: =H13/D12*100 -> -0.64286807 | J13: =D13>5 -> TRUE | K13: =OR(J13,ABS(H13)>5) -> TRUE
A14: 45658.542 | B14: 45658 | C14: 45351.828 | D14: 17900.527 | E14: 28793 | F14: =D14/C14*100 -> 39.470353 | G14: =D14/E14*100 -> 62.169717 | H14: =ROUND(D14-D13,1) -> -584 | I14: =H14/D13*100 -> -3.1593975 | J14: =D14>5 -> TRUE | K14: =OR(J14,ABS(H14)>5) -> TRUE
... A8761: 46023 | B8761: 46023 | C8761: 46797.224 | D8761: 0.26761188 | E8761: 37125 | F8761: =D8761/C8761*100 -> 0.00057185419 | G8761: =D8761/E8761*100 -> 0.00072084009 | H8761: =ROUND(D8761-D8760,1) -> 0 | I8761: =H8761/D8760*100 -> 0 | J8761: =D8761>5 -> FALSE | K8761: =OR(J8761,ABS(H8761)>5) -> FALSE

Sheet Solar Statistics
A1: Solar Daytime* Output | G1: Solar Output
A2: Low (MW) | B2: High (MW) | C2: Range (MW) | D2: Number of Obs. | E2: % of Obs. | H2: Amount (MW) | I2: Date, Time | J2: Installed Capacity
A3: 0 | B3: 6000 | C3: =CONCATENATE(TEXT(A3, "0")," > x >= ",TEXT(B3, "0")) -> 0 > x >= 6000 | D3: =COUNTIFS('Solar Data'!D:D,CONCATENATE(">",TEXT($A3,"0")),'Solar Data'!D:D,CONCATENATE("<=",TEXT($B3,"0")),'Solar Data'!J:J,TRUE) -> 1241 | E3: =D3/SUM($D$3:$D$7) -> 0.25571811 | G3: Highest | H3: =MAX('Solar Data'!D:D) -> 29503.087 | I3: =INDEX('Solar Data'!A:A,MATCH('Solar Statistics'!H3,'Solar Data'!D:D,0)) -> 45909.542 | J3: =VLOOKUP(I3,'Solar Data'!A:E,5,FALSE) -> 34562
A4: =B3 -> 6000 | B4: =A4+$B$3 -> 12000 | C4: =CONCATENATE(TEXT(A4, "0")," > x >= ",TEXT(B4, "0")) -> 6000 > x >= 12000 | D4: =COUNTIFS('Solar Data'!D:D,CONCATENATE(">",TEXT($A4,"0")),'Solar Data'!D:D,CONCATENATE("<=",TEXT($B4,"0")),'Solar Data'!J:J,TRUE) -> 671 | E4: =D4/SUM($D$3:$D$7) -> 0.13826499 | G4: Lowest | H4: =MIN('Solar Data'!D:D) -> 0.019618661 | I4: Night
A5: =A4+$B$3 -> 12000 | B5: =A5+$B$3 -> 18000 | C5: =CONCATENATE(TEXT(A5, "0")," > x >= ",TEXT(B5, "0")) -> 12000 > x >= 18000 | D5: =COUNTIFS('Solar Data'!D:D,CONCATENATE(">",TEXT($A5,"0")),'Solar Data'!D:D,CONCATENATE("<=",TEXT($B5,"0")),'Solar Data'!J:J,TRUE) -> 1035 | E5: =D5/SUM($D$3:$D$7) -> 0.21327014
A6: =A5+$B$3 -> 18000 | B6: =A6+$B$3 -> 24000 | C6: =CONCATENATE(TEXT(A6, "0")," > x >= ",TEXT(B6, "0")) -> 18000 > x >= 24000 | D6: =COUNTIFS('Solar Data'!D:D,CONCATENATE(">",TEXT($A6,"0")),'Solar Data'!D:D,CONCATENATE("<=",TEXT($B6,"0")),'Solar Data'!J:J,TRUE) -> 1215 | E6: =D6/SUM($D$3:$D$7) -> 0.2503606
A7: =A6+$B$3 -> 24000 | C7: =CONCATENATE("x > ",TEXT(A7, "0")) -> x > 24000 | D7: =COUNTIFS('Solar Data'!D:D,CONCATENATE(">",TEXT($A7,"0")),'Solar Data'!J:J,TRUE) -> 691 | E7: =D7/SUM($D$3:$D$7) -> 0.14238615
A9: Solar Daytime* Output, % of Installed Capacity | G9: Solar Output, % of Installed Capacity
A10: Low (%) | B10: High (%) | C10: Range (%) | D10: Number of Obs. | E10: % of Obs. | H10: Amount (%) | I10: Date, Time | J10: Installed Capacity
A11: 0 | B11: 20 | C11: =CONCATENATE(TEXT(A11, "0")," > x >= ",TEXT(B11, "0")) -> 0 > x >= 20 | D11: =COUNTIFS('Solar Data'!G:G,CONCATENATE(">",TEXT($A11,"0")),'Solar Data'!G:G,CONCATENATE("<=",TEXT($B11,"0")),'Solar Data'!J:J,TRUE) -> 1279 | E11: =D11/SUM($D$11:$D$15) -> 0.26354832 | G11: Highest | H11: =MAX('Solar Data'!G:G) -> 87.128082 | I11: =INDEX('Solar Data'!A:A,MATCH('Solar Statistics'!H11,'Solar Data'!G:G,0)) -> 45736.542 | J11: =VLOOKUP(I11,'Solar Data'!A:E,5,FALSE) -> 30021
A12: 20 | B12: 40 | C12: =CONCATENATE(TEXT(A12, "0")," > x >= ",TEXT(B12, "0")) -> 20 > x >= 40 | D12: =COUNTIFS('Solar Data'!G:G,CONCATENATE(">",TEXT($A12,"0")),'Solar Data'!G:G,CONCATENATE("<=",TEXT($B12,"0")),'Solar Data'!J:J,TRUE) -> 786 | E12: =D12/SUM($D$11:$D$15) -> 0.16196167 | G12: Lowest | H12: =MIN('Solar Data'!G:G) -> 6.5349792e-05 | I12: Night
A13: 40 | B13: 60 | C13: =CONCATENATE(TEXT(A13, "0")," > x >= ",TEXT(B13, "0")) -> 40 > x >= 60 | D13: =COUNTIFS('Solar Data'!G:G,CONCATENATE(">",TEXT($A13,"0")),'Solar Data'!G:G,CONCATENATE("<=",TEXT($B13,"0")),'Solar Data'!J:J,TRUE) -> 1189 | E13: =D13/SUM($D$11:$D$15) -> 0.24500309
A14: 60 | B14: 80 | C14: =CONCATENATE(TEXT(A14, "0")," > x >= ",TEXT(B14, "0")) -> 60 > x >= 80 | D14: =COUNTIFS('Solar Data'!G:G,CONCATENATE(">",TEXT($A14,"0")),'Solar Data'!G:G,CONCATENATE("<=",TEXT($B14,"0")),'Solar Data'!J:J,TRUE) -> 1439 | E14: =D14/SUM($D$11:$D$15) -> 0.29651762
A15: 80 | C15: =CONCATENATE("x > ",TEXT(A15, "0")) -> x > 80 | D15: =COUNTIFS('Solar Data'!G:G,CONCATENATE(">",TEXT($A15,"0")),'Solar Data'!J:J,TRUE) -> 160 | E15: =D15/SUM($D$11:$D$15) -> 0.032969297
A18: Solar Daytime* Output, % of Load | G18: Solar Output, % of Load
A19: Low (%) | B19: High (%) | C19: Range (%) | D19: Number of Obs. | E19: % of Obs. | H19: Amount (%) | I19: Date, Time | J19: Installed Capacity
A20: 0 | B20: 10 | C20: =CONCATENATE(TEXT(A20, "0")," > x >= ",TEXT(B20, "0")) -> 0 > x >= 10 | D20: =COUNTIFS('Solar Data'!F:F,CONCATENATE(">",TEXT($A20,"0")),'Solar Data'!F:F,CONCATENATE("<=",TEXT($B20,"0")),'Solar Data'!J:J,TRUE) -> 1199 | E20: =D20/SUM($D$20:$D$25) -> 0.24706367 | G20: Highest | H20: =MAX('Solar Data'!F:F) -> 56.227387 | I20: =INDEX('Solar Data'!A:A,MATCH('Solar Statistics'!H20,'Solar Data'!F:F,0)) -> 45736.542 | J20: =VLOOKUP(I20,'Solar Data'!A:E,5,FALSE) -> 30021
A21: 10 | B21: 20 | C21: =CONCATENATE(TEXT(A21, "0")," > x >= ",TEXT(B21, "0")) -> 10 > x >= 20 | D21: =COUNTIFS('Solar Data'!F:F,CONCATENATE(">",TEXT($A21,"0")),'Solar Data'!F:F,CONCATENATE("<=",TEXT($B21,"0")),'Solar Data'!J:J,TRUE) -> 632 | E21: =D21/SUM($D$20:$D$25) -> 0.13022872 | G21: Lowest | H21: =MIN('Solar Data'!F:F) -> 3.8002074e-05 | I21: Night
A22: 20 | B22: 30 | C22: =CONCATENATE(TEXT(A22, "0")," > x >= ",TEXT(B22, "0")) -> 20 > x >= 30 | D22: =COUNTIFS('Solar Data'!F:F,CONCATENATE(">",TEXT($A22,"0")),'Solar Data'!F:F,CONCATENATE("<=",TEXT($B22,"0")),'Solar Data'!J:J,TRUE) -> 1246 | E22: =D22/SUM($D$20:$D$25) -> 0.2567484
A23: 30 | B23: 40 | C23: =CONCATENATE(TEXT(A23, "0")," > x >= ",TEXT(B23, "0")) -> 30 > x >= 40 | D23: =COUNTIFS('Solar Data'!F:F,CONCATENATE(">",TEXT($A23,"0")),'Solar Data'!F:F,CONCATENATE("<=",TEXT($B23,"0")),'Solar Data'!J:J,TRUE) -> 1292 | E23: =D23/SUM($D$20:$D$25) -> 0.26622708
A24: 40 | C24: =CONCATENATE("x > ",TEXT(A24, "0")) -> x > 40 | D24: =COUNTIFS('Solar Data'!F:F,CONCATENATE(">",TEXT($A24,"0")),'Solar Data'!J:J,TRUE) -> 484 | E24: =D24/SUM($D$20:$D$25) -> 0.099732124
A26: 1-Hour Daytime* Solar Ramps | G26: Largest 1-Hour Down-Ramps
A27: Low (MW) | B27: High (MW) | C27: Range (MW) | D27: Number of Obs. | E27: % of Obs. | G27: Rank | H27: Amount | I27: Date, Time | J27: Installed Capacity
B28: -5000 | C28: =CONCATENATE("x <= ",TEXT(B28, "0")) -> x <= -5000 | D28: =COUNTIFS('Solar Data'!H:H,CONCATENATE("<=",TEXT($B28,"0")),'Solar Data'!K:K,TRUE) -> 579 | E28: =D28/SUM($D$3:$D$7) -> 0.11930764 | G28: 1 | H28: =SMALL('Solar Data'!H:H,'Solar Statistics'!G28) -> -14836.1 | I28: =INDEX('Solar Data'!A:A,MATCH('Solar Statistics'!H28,'Solar Data'!H:H,0)) -> 45949.792 | J28: =VLOOKUP(I28,'Solar Data'!A:E,5,FALSE) -> 34935
A29: -5000 | B29: -4000 | C29: =CONCATENATE(TEXT(A29, "0")," to ",TEXT(B29, "0")) -> -5000 to -4000 | D29: =COUNTIFS('Solar Data'!H:H,CONCATENATE(">",TEXT($A29,"0")),'Solar Data'!H:H,CONCATENATE("<=",TEXT($B29,"0")),'Solar Data'!K:K,TRUE) -> 125 | E29: =D29/SUM($D$3:$D$7) -> 0.025757264 | G29: 2 | H29: =SMALL('Solar Data'!H:H,'Solar Statistics'!G29) -> -14549.1 | I29: =INDEX('Solar Data'!A:A,MATCH('Solar Statistics'!H29,'Solar Data'!H:H,0)) -> 45945.792 | J29: =VLOOKUP(I29,'Solar Data'!A:E,5,FALSE) -> 34935
A30: -4000 | B30: -3000 | C30: =CONCATENATE(TEXT(A30, "0")," to ",TEXT(B30, "0")) -> -4000 to -3000 | D30: =COUNTIFS('Solar Data'!H:H,CONCATENATE(">",TEXT($A30,"0")),'Solar Data'!H:H,CONCATENATE("<=",TEXT($B30,"0")),'Solar Data'!K:K,TRUE) -> 179 | E30: =D30/SUM($D$3:$D$7) -> 0.036884401 | G30: 3 | H30: =SMALL('Solar Data'!H:H,'Solar Statistics'!G30) -> -14514.1 | I30: =INDEX('Solar Data'!A:A,MATCH('Solar Statistics'!H30,'Solar Data'!H:H,0)) -> 45960.792 | J30: =VLOOKUP(I30,'Solar Data'!A:E,5,FALSE) -> 35585
A31: -3000 | B31: -2000 | C31: =CONCATENATE(TEXT(A31, "0")," to ",TEXT(B31, "0")) -> -3000 to -2000 | D31: =COUNTIFS('Solar Data'!H:H,CONCATENATE(">",TEXT($A31,"0")),'Solar Data'!H:H,CONCATENATE("<=",TEXT($B31,"0")),'Solar Data'!K:K,TRUE) -> 231 | E31: =D31/SUM($D$3:$D$7) -> 0.047599423
A32: -2000 | B32: -1000 | C32: =CONCATENATE(TEXT(A32, "0")," to ",TEXT(B32, "0")) -> -2000 to -1000 | D32: =COUNTIFS('Solar Data'!H:H,CONCATENATE(">",TEXT($A32,"0")),'Solar Data'!H:H,CONCATENATE("<=",TEXT($B32,"0")),'Solar Data'!K:K,TRUE) -> 508 | E32: =D32/SUM($D$3:$D$7) -> 0.10467752
A33: -1000 | B33: 0 | C33: =CONCATENATE(TEXT(A33, "0")," to ",TEXT(B33, "0")) -> -1000 to 0 | D33: =COUNTIFS('Solar Data'!H:H,CONCATENATE(">",TEXT($A33,"0")),'Solar Data'!H:H,CONCATENATE("<=",TEXT($B33,"0")),'Solar Data'!K:K,TRUE) -> 1077 | E33: =D33/SUM($D$3:$D$7) -> 0.22192458 | G33: Largest 1-Hour Up-Ramps
A34: 0 | B34: 1000 | C34: =CONCATENATE(TEXT(A34, "0")," to ",TEXT(B34, "0")) -> 0 to 1000 | D34: =COUNTIFS('Solar Data'!H:H,CONCATENATE(">",TEXT($A34,"0")),'Solar Data'!H:H,CONCATENATE("<=",TEXT($B34,"0")),'Solar Data'!K:K,TRUE) -> 951 | E34: =D34/SUM($D$3:$D$7) -> 0.19596126 | G34: Rank | H34: Amount | I34: Date, Time | J34: Installed Capacity
A35: 1000 | B35: 2000 | C35: =CONCATENATE(TEXT(A35, "0")," to ",TEXT(B35, "0")) -> 1000 to 2000 | D35: =COUNTIFS('Solar Data'!H:H,CONCATENATE(">",TEXT($A35,"0")),'Solar Data'!H:H,CONCATENATE("<=",TEXT($B35,"0")),'Solar Data'!K:K,TRUE) -> 418 | E35: =D35/SUM($D$3:$D$7) -> 0.086132289 | G35: 1 | H35: =LARGE('Solar Data'!H:H,'Solar Statistics'!G35) -> 16218 | I35: =INDEX('Solar Data'!A:A,MATCH('Solar Statistics'!H35,'Solar Data'!H:H,0)) -> 45960.417 | J35: =VLOOKUP(I35,'Solar Data'!A:E,5,FALSE) -> 35585
A36: 2000 | B36: 3000 | C36: =CONCATENATE(TEXT(A36, "0")," to ",TEXT(B36, "0")) -> 2000 to 3000 | D36: =COUNTIFS('Solar Data'!H:H,CONCATENATE(">",TEXT($A36,"0")),'Solar Data'!H:H,CONCATENATE("<=",TEXT($B36,"0")),'Solar Data'!K:K,TRUE) -> 267 | E36: =D36/SUM($D$3:$D$7) -> 0.055017515 | G36: 2 | H36: =LARGE('Solar Data'!H:H,'Solar Statistics'!G36) -> 15876.9 | I36: =INDEX('Solar Data'!A:A,MATCH('Solar Statistics'!H36,'Solar Data'!H:H,0)) -> 45961.417 | J36: =VLOOKUP(I36,'Solar Data'!A:E,5,FALSE) -> 35585
A37: 3000 | B37: 4000 | C37: =CONCATENATE(TEXT(A37, "0")," to ",TEXT(B37, "0")) -> 3000 to 4000 | D37: =COUNTIFS('Solar Data'!H:H,CONCATENATE(">",TEXT($A37,"0")),'Solar Data'!H:H,CONCATENATE("<=",TEXT($B37,"0")),'Solar Data'!K:K,TRUE) -> 202 | E37: =D37/SUM($D$3:$D$7) -> 0.041623738 | G37: 3 | H37: =LARGE('Solar Data'!H:H,'Solar Statistics'!G37) -> 15479.2 | I37: =INDEX('Solar Data'!A:A,MATCH('Solar Statistics'!H37,'Solar Data'!H:H,0)) -> 45949.417 | J37: =VLOOKUP(I37,'Solar Data'!A:E,5,FALSE) -> 34935
A38: 4000 | B38: 5000 | C38: =CONCATENATE(TEXT(A38, "0")," to ",TEXT(B38, "0")) -> 4000 to 5000 | D38: =COUNTIFS('Solar Data'!H:H,CONCATENATE(">",TEXT($A38,"0")),'Solar Data'!H:H,CONCATENATE("<=",TEXT($B38,"0")),'Solar Data'!K:K,TRUE) -> 134 | E38: =D38/SUM($D$3:$D$7) -> 0.027611787
A39: 5000 | C39: =CONCATENATE("x > ",TEXT(A39, "0")) -> x > 5000 | D39: =COUNTIFS('Solar Data'!H:H,CONCATENATE(">",TEXT($A39,"0")),'Solar Data'!K:K,TRUE) -> 554 | E39: =D39/SUM($D$3:$D$7) -> 0.11415619
A41: * Daytime defined as an interval where solar generation is greater than 5 MW
